"dma_name","dma_rank","venue_count","total_events","events_per_venue","peak_window_events","peak_window_share","off_peak_events","off_peak_share","off_peak_events_per_venue"
"New York",1,11479,141553,12.33,82474,58.26,59079,41.74,5.15
"Los Angeles",2,7413,122528,16.53,76166,62.16,46362,37.84,6.25
"Chicago",3,4986,73703,14.78,47437,64.36,26266,35.64,5.27
"San Francisco - Oak - San Jose",6,4749,68649,14.46,44713,65.13,23936,34.87,5.04
"Boston",10,4119,52495,12.74,31304,59.63,21191,40.37,5.14
"Philadelphia",5,4083,62924,15.41,40137,63.79,22787,36.21,5.58
"Washington, DC",9,3985,38946,9.77,22570,57.95,16376,42.05,4.11
"Atlanta",8,3761,46405,12.34,27309,58.85,19096,41.15,5.08
"Dallas - Ft. Worth",4,3307,42660,12.90,28082,65.83,14578,34.17,4.41
"Denver",17,2976,48131,16.17,28846,59.93,19285,40.07,6.48
"Miami - Ft. Lauderdale",16,2852,26779,9.39,17682,66.03,9097,33.97,3.19
"Houston",7,2850,30820,10.81,19959,64.76,10861,35.24,3.81
"Seattle - Tacoma",12,2663,41460,15.57,24310,58.63,17150,41.37,6.44
"Minneapolis - St. Paul",15,2314,29459,12.73,17909,60.79,11550,39.21,4.99
"Austin",35,2233,39274,17.59,25802,65.70,13472,34.30,6.03
"Nashville",27,2194,44761,20.40,19777,44.18,24984,55.82,11.39
"Tampa - St. Pete - Sarasota",13,2042,17475,8.56,11360,65.01,6115,34.99,2.99
"Cleveland - Akron",20,1949,29940,15.36,15761,52.64,14179,47.36,7.28
"Orlando - Daytona Beach - Melbourne",18,1886,25547,13.55,15061,58.95,10486,41.05,5.56
"Portland, OR",21,1875,29679,15.83,16622,56.01,13057,43.99,6.96
"Detroit",14,1857,34841,18.76,21066,60.46,13775,39.54,7.42
"Phoenix",11,1835,31772,17.31,17159,54.01,14613,45.99,7.96
"Sacramento - Stockton - Modesto",19,1817,19748,10.87,11023,55.82,8725,44.18,4.80
"San Diego",25,1746,28414,16.27,17525,61.68,10889,38.32,6.24
"Baltimore",29,1709,20659,12.09,11904,57.62,8755,42.38,5.12
"Charlotte",22,1698,18079,10.65,10369,57.35,7710,42.65,4.54
"Indianapolis",28,1624,20627,12.70,11221,54.40,9406,45.60,5.79
"Raleigh - Durham",24,1502,13482,8.98,7500,55.63,5982,44.37,3.98
"St. Louis",26,1461,16108,11.03,8356,51.87,7752,48.13,5.31
"Hartford - New Haven",32,1455,19039,13.09,12699,66.70,6340,33.30,4.36
"Pittsburgh",31,1454,21777,14.98,10823,49.70,10954,50.30,7.53
"Greenville - Spartanburg - Asheville - Anderson",36,1334,10362,7.77,6182,59.66,4180,40.34,3.13
"Kansas City",34,1316,21798,16.56,11064,50.76,10734,49.24,8.16
"Columbus, OH",33,1316,19627,14.91,10621,54.11,9006,45.89,6.84
"Salt Lake City",23,1293,22441,17.36,11920,53.12,10521,46.88,8.14
"San Antonio",30,1285,15538,12.09,10445,67.22,5093,32.78,3.96
"Cincinnati",37,1273,17650,13.86,9306,52.73,8344,47.27,6.55
"Milwaukee",40,1150,23414,20.36,12559,53.64,10855,46.36,9.44
"New Orleans",52,1114,17560,15.76,10767,61.32,6793,38.68,6.10
"Las Vegas",38,1088,49911,45.87,36735,73.60,13176,26.40,12.11
"Albuquerque - Santa Fe",48,1032,10550,10.22,4956,46.98,5594,53.02,5.42
"Norfolk - Portsmouth - Newport News",45,1019,12315,12.09,5845,47.46,6470,52.54,6.35
"Albany - Schenectady - Troy",62,1016,10083,9.92,6082,60.32,4001,39.68,3.94
"Greensboro - High Point - Winston-Salem",49,982,7152,7.28,3889,54.38,3263,45.62,3.32
"Grand Rapids - Kalamazoo - Battle Creek",41,965,11798,12.23,6116,51.84,5682,48.16,5.89
"Jacksonville - Brunswick",43,943,9614,10.20,5773,60.05,3841,39.95,4.07
"Harrisburg - Lancaster - Lebanon - York",42,939,7889,8.40,4957,62.83,2932,37.17,3.12
"Oklahoma City",46,894,9054,10.13,5029,55.54,4025,44.46,4.50
"Louisville",50,886,14298,16.14,7800,54.55,6498,45.45,7.33
"Buffalo",54,885,13026,14.72,6357,48.80,6669,51.20,7.54
"Providence - New Bedford",53,841,13049,15.52,7875,60.35,5174,39.65,6.15
"Memphis",51,837,9559,11.42,6267,65.56,3292,34.44,3.93
"West Palm Beach - Ft. Pierce",39,814,6254,7.68,4580,73.23,1674,26.77,2.06
"Richmond - Petersburg",55,813,10245,12.60,5398,52.69,4847,47.31,5.96
"Birmingham",47,812,9069,11.17,5383,59.36,3686,40.64,4.54
"Burlington - Plattsburgh",91,793,5093,6.42,2931,57.55,2162,42.45,2.73
"Portland - Auburn",81,784,5933,7.57,3399,57.29,2534,42.71,3.23
"Knoxville",60,767,5295,6.90,2806,52.99,2489,47.01,3.25
"Tulsa",63,756,7691,10.17,4449,57.85,3242,42.15,4.29
"Wilkes Barre - Scranton",58,703,6000,8.53,3001,50.02,2999,49.98,4.27
"Syracuse",87,697,6885,9.88,3993,58.00,2892,42.00,4.15
"Green Bay - Appleton",71,696,2995,4.30,1921,64.14,1074,35.86,1.54
"Mobile - Pensacola",57,696,7446,10.70,4933,66.25,2513,33.75,3.61
"Madison",74,688,7693,11.18,4576,59.48,3117,40.52,4.53
"Riverside",134,687,16066,23.39,15148,94.29,918,5.71,1.34
"Roanoke - Lynchburg",72,659,4787,7.26,2279,47.61,2508,52.39,3.81
"Santa Maria - Santa Barbara",112,651,5560,8.54,3184,57.27,2376,42.73,3.65
"Charleston - Huntington",80,613,3885,6.34,2284,58.79,1601,41.21,2.61
"Dayton",69,592,2852,4.82,1766,61.92,1086,38.08,1.83
"Des Moines - Ames",68,588,7134,12.13,4163,58.35,2971,41.65,5.05
"Charleston, SC",89,585,5136,8.78,2923,56.91,2213,43.09,3.78
"Lexington",64,584,2950,5.05,1878,63.66,1072,36.34,1.84
"Spokane",66,567,8957,15.80,5786,64.60,3171,35.40,5.59
"Springfield, MO",77,566,2971,5.25,1836,61.80,1135,38.20,2.01
"Fresno - Visalia",44,546,3863,7.08,2122,54.93,1741,45.07,3.19
"Little Rock - Pine Bluff",59,539,3779,7.01,2172,57.48,1607,42.52,2.98
"Rochester, NY",79,539,5840,10.83,3028,51.85,2812,48.15,5.22
"Chattanooga",83,539,3178,5.90,2012,63.31,1166,36.69,2.16
"Cedar Rapids - Waterloo - Dubuque",96,537,4962,9.24,2925,58.95,2037,41.05,3.79
"Savannah",88,526,1726,3.28,1098,63.62,628,36.38,1.19
"Honolulu",61,525,3404,6.48,2311,67.89,1093,32.11,2.08
"Champaign - Springfield - Decatur",94,520,3107,5.98,1960,63.08,1147,36.92,2.21
"Ft. Myers - Naples",56,506,1725,3.41,1293,74.96,432,25.04,0.85
"Waco - Temple - Bryan",75,500,1319,2.64,1015,76.95,304,23.05,0.61
"Toledo",86,493,3196,6.48,1962,61.39,1234,38.61,2.50
"Omaha",73,474,8482,17.89,4340,51.17,4142,48.83,8.74
"Columbia, SC",78,473,3863,8.17,2152,55.71,1711,44.29,3.62
"Paducah - Cape Girardeau - Harrisburg - Mt. Vernon",93,472,1057,2.24,670,63.39,387,36.61,0.82
"Wichita - Hutchinson Plus",70,467,3534,7.57,2067,58.49,1467,41.51,3.14
"Huntsville - Decatur - Florence",84,467,2170,4.65,1337,61.61,833,38.39,1.78
"Tallahassee - Thomasville",105,449,2755,6.14,1551,56.30,1204,43.70,2.68
"Lincoln - Hastings - Kearney",111,445,6068,13.64,3261,53.74,2807,46.26,6.31
"Monterey - Salinas",106,435,4883,11.23,2880,58.98,2003,41.02,4.60
"Colorado Springs - Pueblo",85,429,3903,9.10,2026,51.91,1877,48.09,4.38
"Reno",100,418,6027,14.42,3768,62.52,2259,37.48,5.40
"Traverse City - Cadillac",123,408,1138,2.79,697,61.25,441,38.75,1.08
"Tucson",67,408,7153,17.53,3613,50.51,3540,49.49,8.68
"Springfield - Holyoke",117,407,3850,9.46,2393,62.16,1457,37.84,3.58
"Boise",95,405,8665,21.40,4198,48.45,4467,51.55,11.03
"Shreveport",90,399,1408,3.53,958,68.04,450,31.96,1.13
"Ft. Smith - Fayetteville - Springdale - Rogers",97,395,3047,7.71,1617,53.07,1430,46.93,3.62
"Myrtle Beach - Florence",101,392,2463,6.28,1554,63.09,909,36.91,2.32
"Jackson, MS",99,386,1589,4.12,1007,63.37,582,36.63,1.51
"Tri-Cities, TN-VA",102,386,1506,3.90,988,65.60,518,34.40,1.34
"Flint - Saginaw - Bay City",76,384,2854,7.43,1885,66.05,969,33.95,2.52
"Davenport - Rock Island - Moline",108,383,2019,5.27,1246,61.71,773,38.29,2.02
"Johnstown - Altoona",109,382,1111,2.91,692,62.29,419,37.71,1.10
"Tyler - Longview",107,356,848,2.38,694,81.84,154,18.16,0.43
"El Paso",82,356,4840,13.60,2262,46.74,2578,53.26,7.24
"Peoria - Bloomington",125,355,3945,11.11,2387,60.51,1558,39.49,4.39
"Baton Rouge",92,352,2484,7.06,1541,62.04,943,37.96,2.68
"South Bend - Elkhart",98,352,1836,5.22,1312,71.46,524,28.54,1.49
"Ft. Wayne",114,343,3065,8.94,1733,56.54,1332,43.46,3.88
"Eugene",119,333,3362,10.10,1834,54.55,1528,45.45,4.59
"Yakima - Pasco - Richland - Kennewick",110,331,957,2.89,635,66.35,322,33.65,0.97
"La Crosse - Eau Claire",128,330,3447,10.45,1624,47.11,1823,52.89,5.52
"Greenville - New Bern - Washington",103,328,1015,3.09,663,65.32,352,34.68,1.07
"Fargo - Valley City",121,325,3033,9.33,1660,54.73,1373,45.27,4.22
"Evansville",115,317,1346,4.25,792,58.84,554,41.16,1.75
"Lansing",118,301,1949,6.48,1060,54.39,889,45.61,2.95
"Harlingen - Weslaco - Brownsville - McAllen",65,300,1342,4.47,717,53.43,625,46.57,2.08
"Sioux Falls, SD",116,299,2169,7.25,1216,56.06,953,43.94,3.19
"Amarillo",131,296,968,3.27,610,63.02,358,36.98,1.21
"Duluth - Superior",146,275,889,3.23,607,68.28,282,31.72,1.03
"Augusta - Aiken",113,275,1173,4.27,613,52.26,560,47.74,2.04
"Lafayette, LA",127,274,952,3.47,610,64.08,342,35.92,1.25
"Wilmington",130,266,1688,6.35,1046,61.97,642,38.03,2.41
"Columbus, GA",126,264,646,2.45,473,73.22,173,26.78,0.66
"Salisbury",136,255,1773,6.95,1210,68.25,563,31.75,2.21
"Medford - Klamath Falls",137,255,876,3.44,471,53.77,405,46.23,1.59
"Columbia - Jefferson City",133,254,2194,8.64,1141,52.01,1053,47.99,4.15
"Macon",120,250,926,3.70,736,79.48,190,20.52,0.76
"Montgomery",124,241,499,2.07,360,72.14,139,27.86,0.58
"Idaho Falls - Pocatello",147,241,1110,4.61,669,60.27,441,39.73,1.83
"Panama City",150,241,676,2.80,431,63.76,245,36.24,1.02
"Youngstown",122,240,1030,4.29,612,59.42,418,40.58,1.74
"Missoula",163,235,2284,9.72,1150,50.35,1134,49.65,4.83
"Bangor",160,235,860,3.66,528,61.40,332,38.60,1.41
"Odessa - Midland",143,234,1065,4.55,629,59.06,436,40.94,1.86
"Lubbock",139,231,2342,10.14,1304,55.68,1038,44.32,4.49
"Chico - Redding",132,229,1562,6.82,833,53.33,729,46.67,3.18
"Wausau - Rhinelander",138,222,545,2.45,351,64.40,194,35.60,0.87
"Rochester - Mason City - Austin",156,222,582,2.62,382,65.64,200,34.36,0.90
"Corpus Christi",129,222,2384,10.74,1416,59.40,968,40.60,4.36
"Rockford",140,219,1410,6.44,896,63.55,514,36.45,2.35
"Minot - Bismarck - Dickinson",148,210,852,4.06,567,66.55,285,33.45,1.36
"Topeka",145,209,752,3.60,427,56.78,325,43.22,1.56
"Wheeling - Steubenville",164,208,304,1.46,189,62.17,115,37.83,0.55
"Binghamton",162,203,735,3.62,437,59.46,298,40.54,1.47
"Bakersfield",104,200,1958,9.79,1071,54.70,887,45.30,4.44
"Anchorage",144,199,932,4.68,632,67.81,300,32.19,1.51
"Abilene - Sweetwater",165,198,420,2.12,284,67.62,136,32.38,0.69
"Gainesville",157,194,2364,12.19,1623,68.65,741,31.35,3.82
"Sioux City",151,194,1280,6.60,1002,78.28,278,21.72,1.43
"Monroe - El Dorado",141,193,323,1.67,182,56.35,141,43.65,0.73
"Joplin - Pittsburg",152,191,429,2.25,318,74.13,111,25.87,0.58
"Grand Junction - Montrose",189,189,1702,9.01,1085,63.75,617,36.25,3.26
"Billings",167,185,1787,9.66,918,51.37,869,48.63,4.70
"Erie",153,184,951,5.17,486,51.10,465,48.90,2.53
"Charlottesville",172,181,1433,7.92,811,56.59,622,43.41,3.44
"Terre Haute",159,177,261,1.47,170,65.13,91,34.87,0.51
"Quincy - Hannibal - Keokuk",178,175,222,1.27,161,72.52,61,27.48,0.35
"Columbus - Tupelo - West Point",135,173,491,2.84,288,58.66,203,41.34,1.17
"Butte - Bozeman",187,171,1208,7.06,744,61.59,464,38.41,2.71
"Albany, GA",155,169,174,1.03,132,75.86,42,24.14,0.25
"Biloxi - Gulfport",158,169,1451,8.59,1139,78.50,312,21.50,1.85
"Wichita Falls - Lawton",149,168,323,1.92,236,73.07,87,26.93,0.52
"Utica",171,158,578,3.66,388,67.13,190,32.87,1.20
"Elmira - Corning",181,153,571,3.73,459,80.39,112,19.61,0.73
"Bend, OR",180,153,1637,10.70,923,56.38,714,43.62,4.67
"Bluefield - Beckley - Oak Hill",166,150,247,1.65,178,72.06,69,27.94,0.46
"Watertown",179,149,276,1.85,190,68.84,86,31.16,0.58
"Clarksburg - Weston",176,148,231,1.56,166,71.86,65,28.14,0.44
"Rapid City",170,142,1469,10.35,882,60.04,587,39.96,4.13
"Harrisonburg",169,138,534,3.87,344,64.42,190,35.58,1.38
"Beaumont - Port Arthur",142,138,787,5.70,451,57.31,336,42.69,2.43
"Lake Charles",173,129,609,4.72,535,87.85,74,12.15,0.57
"Eureka",192,126,567,4.50,272,47.97,295,52.03,2.34
"Sherman - Ada",161,119,756,6.35,671,88.76,85,11.24,0.71
"Hattiesburg - Laurel",168,119,313,2.63,216,69.01,97,30.99,0.82
"Jackson, TN",175,115,125,1.09,86,68.80,39,31.20,0.34
"Casper - Riverton",198,113,386,3.42,173,44.82,213,55.18,1.88
"Twin Falls",188,111,384,3.46,217,56.51,167,43.49,1.50
"Bowling Green",186,104,311,2.99,227,72.99,84,27.01,0.81
"Alexandria, LA",182,103,170,1.65,149,87.65,21,12.35,0.20
"Lafayette, IN",185,100,469,4.69,287,61.19,182,38.81,1.82
